extr_gauche,gauche,centre,droite,extr_droite,divers
0.8090117173217883,33.2745242558427,30.525973686806843,7.0095003743275175,23.29593927188946,5.0850506938116995
0.7423320927511674,34.44683147246008,27.81929861720476,10.474346172854448,22.277023006243255,4.240168638486288
0.7740002496774998,46.041224529427275,25.759782503155645,4.290291706545712,20.07961938052238,3.0550816306714936
1.0995228021842869,44.82707728636788,25.249667929355045,4.806415112904019,18.817336547449205,5.199980321739559
0.772850420647369,52.75060601739626,23.607585911877937,8.795094823898472,11.290460573221159,2.783402252958791
